{
    "foreground_intensity_properties_per_channel": {
        "0": {
            "max": 2321.15234375,
            "mean": 529.6865234375,
            "median": 302.0,
            "min": 78.0,
            "percentile_00_5": 124.0,
            "percentile_99_5": 1964.027587890625,
            "std": 473.45928955078125
        },
        "1": {
            "max": 2227.0,
            "mean": 556.8540649414062,
            "median": 590.0,
            "min": 0.0,
            "percentile_00_5": 39.0,
            "percentile_99_5": 1835.0,
            "std": 257.2978820800781
        },
        "2": {
            "max": 2137.0,
            "mean": 745.5155029296875,
            "median": 743.0,
            "min": 0.0,
            "percentile_00_5": 145.0,
            "percentile_99_5": 1609.0,
            "std": 307.52398681640625
        }
    },
    "median_relative_size_after_cropping": 0.6732575238744173,
    "shapes_after_crop": [
        [
            138,
            184,
            156
        ],
        [
            139,
            186,
            145
        ],
        [
            141,
            191,
            149
        ],
        [
            144,
            189,
            162
        ],
        [
            143,
            188,
            144
        ],
        [
            140,
            186,
            144
        ],
        [
            140,
            189,
            154
        ],
        [
            145,
            189,
            152
        ],
        [
            140,
            188,
            150
        ],
        [
            145,
            185,
            159
        ],
        [
            145,
            187,
            152
        ],
        [
            145,
            189,
            152
        ],
        [
            139,
            181,
            144
        ],
        [
            142,
            198,
            159
        ],
        [
            143,
            183,
            165
        ],
        [
            142,
            187,
            152
        ],
        [
            137,
            186,
            152
        ],
        [
            139,
            186,
            150
        ],
        [
            145,
            188,
            159
        ],
        [
            136,
            188,
            148
        ],
        [
            135,
            185,
            147
        ],
        [
            134,
            185,
            147
        ],
        [
            141,
            182,
            166
        ],
        [
            141,
            181,
            145
        ],
        [
            139,
            180,
            151
        ],
        [
            144,
            195,
            150
        ],
        [
            145,
            197,
            150
        ],
        [
            144,
            192,
            153
        ],
        [
            141,
            186,
            146
        ],
        [
            145,
            211,
            176
        ],
        [
            142,
            184,
            144
        ],
        [
            140,
            186,
            151
        ],
        [
            145,
            183,
            149
        ],
        [
            141,
            187,
            144
        ],
        [
            138,
            187,
            144
        ],
        [
            145,
            184,
            148
        ],
        [
            140,
            183,
            143
        ],
        [
            141,
            184,
            154
        ],
        [
            138,
            184,
            147
        ],
        [
            145,
            185,
            144
        ],
        [
            141,
            188,
            149
        ],
        [
            145,
            191,
            151
        ],
        [
            134,
            186,
            148
        ],
        [
            135,
            186,
            150
        ],
        [
            140,
            185,
            149
        ],
        [
            145,
            180,
            147
        ],
        [
            145,
            185,
            148
        ],
        [
            140,
            185,
            145
        ],
        [
            134,
            185,
            145
        ],
        [
            145,
            185,
            146
        ],
        [
            145,
            185,
            147
        ],
        [
            145,
            190,
            149
        ],
        [
            135,
            185,
            149
        ],
        [
            141,
            184,
            146
        ],
        [
            145,
            213,
            178
        ],
        [
            139,
            186,
            151
        ],
        [
            136,
            183,
            146
        ],
        [
            139,
            183,
            146
        ],
        [
            139,
            183,
            144
        ],
        [
            139,
            184,
            149
        ],
        [
            138,
            184,
            147
        ],
        [
            144,
            191,
            156
        ],
        [
            145,
            213,
            176
        ],
        [
            145,
            214,
            177
        ],
        [
            138,
            184,
            150
        ],
        [
            138,
            188,
            154
        ],
        [
            136,
            186,
            158
        ],
        [
            140,
            188,
            145
        ],
        [
            135,
            184,
            152
        ],
        [
            135,
            185,
            155
        ],
        [
            135,
            189,
            148
        ],
        [
            139,
            186,
            149
        ],
        [
            137,
            189,
            153
        ],
        [
            141,
            186,
            147
        ],
        [
            137,
            187,
            147
        ]
    ],